[
    {
        "Flow Duration":0.7490885986,
        "Total Fwd Packets":1.4209557944,
        "Total Backward Packets":0.6309297536,
        "Total Length of Fwd Packets":0.4479061898,
        "Total Length of Bwd Packets":0.872248745,
        "Fwd Packet Length Max":0.5768485581,
        "Fwd Packet Length Min":-0.3020168432,
        "Fwd Packet Length Mean":-0.0648577047,
        "Fwd Packet Length Std":1.0572687392,
        "Bwd Packet Length Max":0.9212857144,
        "Bwd Packet Length Min":0.0,
        "Bwd Packet Length Mean":0.9470035078,
        "Bwd Packet Length Std":1.4553927241,
        "Flow Bytes\/s":-0.5071046354,
        "Flow Packets\/s":-0.4759168702,
        "Flow IAT Mean":0.6749508835,
        "Flow IAT Std":0.5437684961,
        "Flow IAT Max":0.7497648477,
        "Flow IAT Min":-0.5623078112,
        "Fwd IAT Total":0.9851859642,
        "Fwd IAT Mean":0.9702453378,
        "Fwd IAT Std":1.3153126558,
        "Fwd IAT Max":0.9976901006,
        "Fwd IAT Min":-0.3543676403,
        "Bwd IAT Total":0.8749577286,
        "Bwd IAT Mean":0.8781300548,
        "Bwd IAT Std":1.0709534675,
        "Bwd IAT Max":0.8836669941,
        "Bwd IAT Min":0.6364570669,
        "Fwd URG Flags":0.0,
        "Fwd Header Length":1.2028110875,
        "Bwd Header Length":0.7673129094,
        "Fwd Packets\/s":-0.4286908682,
        "Bwd Packets\/s":-0.3950414974,
        "Min Packet Length":-0.3020168432,
        "Max Packet Length":0.8443171784,
        "Packet Length Mean":0.8089939622,
        "Packet Length Std":0.9056172062,
        "Packet Length Variance":0.8611296116,
        "FIN Flag Count":0.0,
        "SYN Flag Count":0.0,
        "RST Flag Count":0.0,
        "PSH Flag Count":0.0,
        "ACK Flag Count":1.0,
        "URG Flag Count":0.0,
        "ECE Flag Count":0.0,
        "Down\/Up Ratio":-1.0,
        "Average Packet Size":0.810095735,
        "Avg Bwd Segment Size":0.9470035078,
        "Subflow Fwd Bytes":0.4479061898,
        "Subflow Bwd Bytes":0.872248745,
        "act_data_pkt_fwd":0.0,
        "min_seg_size_forward":1.0,
        "Active Mean":6.9067547786,
        "Active Std":0.0,
        "Active Max":6.9067547786,
        "Active Min":6.9067547786,
        "Idle Mean":18.4306310847,
        "Idle Std":0.0,
        "Idle Max":18.4306310847,
        "Idle Min":18.4306310847,
        "Port_21.0":0.0,
        "Port_22.0":0.0,
        "Port_23.0":0.0,
        "Port_25.0":0.0,
        "Port_53.0":0.0,
        "Port_80.0":1.0,
        "Port_110.0":0.0,
        "Port_111.0":0.0,
        "Port_135.0":0.0,
        "Port_139.0":0.0,
        "Port_143.0":0.0,
        "Port_443.0":0.0,
        "Port_445.0":0.0,
        "Port_993.0":0.0,
        "Port_995.0":0.0,
        "Port_1723.0":0.0,
        "Port_3306.0":0.0,
        "Port_3389.0":0.0,
        "Port_5900.0":0.0,
        "Port_8080.0":0.0,
        "Port_other":0.0
    }
]