[
    {
        "Flow Duration":-0.9309461258,
        "Total Fwd Packets":0.0,
        "Total Backward Packets":-1.0,
        "Total Length of Fwd Packets":-0.8009586543,
        "Total Length of Bwd Packets":-1.0223209363,
        "Fwd Packet Length Max":-0.7765755996,
        "Fwd Packet Length Min":0.0,
        "Fwd Packet Length Mean":-1.2443501025,
        "Fwd Packet Length Std":0.0,
        "Bwd Packet Length Max":-0.9817591586,
        "Bwd Packet Length Min":0.0,
        "Bwd Packet Length Mean":-1.303638027,
        "Bwd Packet Length Std":0.0,
        "Flow Bytes\/s":0.8663515448,
        "Flow Packets\/s":1.0534480374,
        "Flow IAT Mean":-0.9700893377,
        "Flow IAT Std":-0.6626402775,
        "Flow IAT Max":-0.9133228399,
        "Flow IAT Min":-0.0779622258,
        "Fwd IAT Total":-0.1713878077,
        "Fwd IAT Mean":-0.1970362707,
        "Fwd IAT Std":0.0,
        "Fwd IAT Max":-0.1735630889,
        "Fwd IAT Min":0.0,
        "Bwd IAT Total":-0.1162993825,
        "Bwd IAT Mean":-0.1346136023,
        "Bwd IAT Std":0.0,
        "Bwd IAT Max":-0.1185318952,
        "Bwd IAT Min":-0.3581044635,
        "Fwd URG Flags":0.0,
        "Fwd Header Length":-0.2236981831,
        "Bwd Header Length":-2.0118747257,
        "Fwd Packets\/s":1.1660760649,
        "Bwd Packets\/s":-0.4014860383,
        "Min Packet Length":0.0,
        "Max Packet Length":-0.7020349363,
        "Packet Length Mean":-0.9903018256,
        "Packet Length Std":-0.766034604,
        "Packet Length Variance":-0.7170714149,
        "FIN Flag Count":0.0,
        "SYN Flag Count":0.0,
        "RST Flag Count":0.0,
        "PSH Flag Count":1.0,
        "ACK Flag Count":0.0,
        "URG Flag Count":0.0,
        "ECE Flag Count":0.0,
        "Down\/Up Ratio":-1.0,
        "Average Packet Size":-1.0441224302,
        "Avg Bwd Segment Size":-1.303638027,
        "Subflow Fwd Bytes":-0.8009586543,
        "Subflow Bwd Bytes":-1.0223209363,
        "act_data_pkt_fwd":0.0,
        "min_seg_size_forward":0.385750278,
        "Active Mean":0.0,
        "Active Std":0.0,
        "Active Max":0.0,
        "Active Min":0.0,
        "Idle Mean":0.0,
        "Idle Std":0.0,
        "Idle Max":0.0,
        "Idle Min":0.0,
        "Port_21.0":0.0,
        "Port_22.0":0.0,
        "Port_23.0":0.0,
        "Port_25.0":0.0,
        "Port_53.0":0.0,
        "Port_80.0":0.0,
        "Port_110.0":0.0,
        "Port_111.0":0.0,
        "Port_135.0":0.0,
        "Port_139.0":0.0,
        "Port_143.0":0.0,
        "Port_443.0":0.0,
        "Port_445.0":0.0,
        "Port_993.0":0.0,
        "Port_995.0":0.0,
        "Port_1723.0":0.0,
        "Port_3306.0":0.0,
        "Port_3389.0":0.0,
        "Port_5900.0":0.0,
        "Port_8080.0":0.0,
        "Port_other":1.0
    }
]